Text;;;
"Предприятие по реализации товаров по заказам. Предприятие располагает складом, на котором хранятся товары. Для получения товара клиент оформляет заказ. Для пополнения товаров на складе предприятие заключает договоры с поставщиками.
Бизнес-правила:
1. Организация формирует заказы из товаров, имеющихся на складе.
2. Клиент может оформить заказ на несколько товаров.
3. Формированием заказа занимается один сотрудник.
Минимальный набор сущностей: товар, клиент, поставщик, сотрудник.
Минимальный набор атрибутов: наименование товара, назначение товара, стоимость товара; фамилия клиента, контактные данные клиента, адрес клиента; название фирмы поставщика, фамилия руководителя фирмы, контактные данные, адрес фирмы; фамилия сотрудника, должность сотрудника, оклад сотрудника, номер служебного телефона сотрудника.";;;
"Ремонтная мастерская занимается ремонтом бытовой техники. Клиент оформляет заказ на ремонт изделия. Ремонт изделий осуществляется с использованием комплектующих, которые имеются на складе мастерской. Для пополнения комплектующих на складе мастерская заключает договоры с поставщиками.
Бизнес-правила:
1. Существуют клиенты, нескольких категорий приоритетности.
2. Каждый клиент может оформить неограниченное количество заказов.
3. Клиенты оформляют один заказ на ремонт одного изделия.
4. Для получения заменяемой детали сотрудник организации оформляет отдельный заказ на получение детали со склада.
5. Один заказ выполняется одним сотрудником.
Минимальный набор сущностей: изделие, клиент, сотрудник, деталь.
Минимальный набор атрибутов: наименование изделия, вид изделия, стоимость изделия; фамилия клиента, контактные данные клиента, адрес клиента; фамилия сотрудника, должность сотрудника, оклад сотрудника, номер служебного телефона сотрудника; название детали, её стоимость, количество на складе, название фирмы производителя. ";;;
"Фирма по прокату автомобилей. Фирма оказывает услуги, предоставляя автомобили из своего парка. Фирма выдаёт напрокат автомобили на основе договора. Сотрудник фирмы фиксирует данные о клиенте, данные об автомобиле, дату начала проката и количество дней проката.
Бизнес-правила:
1. Клиент оформляет договор на прокат автомобиля.
2. Клиент может оформить несколько договоров.
3. Фирма ежегодно страхует автомобили в различных страховых компаниях.
4. Стоимость проката зависит от марки автомобиля.
Минимальный набор сущностей: автомобиль, клиент, страховая компания, сотрудник.
Минимальный набор атрибутов: номер автомобиля, его цвет, марка, год выпуска, сумма страховки; фамилия клиента, номер его паспорта и водительского удостоверения, контактные данные (телефон, адрес), водительский стаж; название страховой компании, номер лицензии, адрес, фамилия руководителя; фамилия сотрудника, его должность, оклад, служебный телефон.";;;
"Бизнес-правила:
1. В гостинице имеются номера различной категории.
2. Каждый номер закреплен за одним сотрудником. Один сотрудник может обслуживать несколько номеров.
3. Гость может забронировать номер указанной категории на заданный срок.
4. Стоимость номер и зависит от его категории и перечня дополнительных услуг, которыми пользовался гость.
Минимальный набор сущностей: номер, сотрудник, гость, услуга.
Минимальный набор атрибутов: номер комнаты, её тип, статус (занята, забронирована, свободна), состояние (готова к проживанию, требует уборки, требует ремонта); фамилия гостя, его категория, номер паспорта, дата заселения, срок пребывания, гражданство; фамилия сотрудника, специальность, оклад, контактный телефон.";;;
"Бизнес-правила:
1. Клиент оформляет договор на ремонт автомобиля.
2. Один автомобиль ремонтирует одна бригада сотрудников.
3. Для ремонта автомобиля используются комплектующие различного типа и производителей.
4. Стоимость часа работы зависит от и категории бригады.
5. Различают несколько категорий клиентов.
Минимальный набор сущностей: автомобиль, клиент, бригада, деталь.
Минимальный набор атрибутов: номер автомобиля, его цвет, марка, год выпуска; фамилия клиента, номер его паспорта и водительского удостоверения, контактные данные (телефон, адрес); номер бригады, категория, тип (определяет, какие марки машин могут ремонтировать), фамилия бригадира, служебный телефон, стоимость часа работы; название детали, её стоимость, производитель, наличие на складе.";;;
"Бизнес-правила:
1. Агентство занимается оформлением недвижимости в аренду.
2. Клиент может арендовать несколько объектов.
3. Для оформления одного объекта оформляется один договор.
4. С каждым объектом недвижимости работает один сотрудник.
Минимальный набор сущностей: клиент, сотрудник, объект недвижимости, договор.
Минимальный набор атрибутов: фамилия клиента, его категория, контактные данные клиента, адрес клиента, номер паспорта; фамилия сотрудника, должность сотрудника, оклад сотрудника, номер служебного телефона сотрудника; вид объекта (дом, квартира, комната и т.п.), его стоимость, адрес, состояние (новое, после ремонта, требует ремонта и т.п.), статус (занят, свободен); дата заключения договора, срок договора.";;;
"Бизнес-правила:
1. Пациент заключает договор на лечение в заданном отделении больницы.
2. У каждого пациента есть лечащий врач.
3. Пациент может оплачивать свой договор за счёт страховой компании.
4. Обследование пациента проводит не только лечащий врач.
Минимальный набор сущностей: пациент, врач, обследование, страховая компания.
Минимальный набор атрибутов: фамилия пациента, его категория, номер паспорта, номер страхового полиса, дата поступления, гражданство; фамилия врача, категория, специальность, оклад, контактный телефон; название обследования, вид обследования, дата проведения обследования, стоимость обследования; название страховой компании, номер лицензии, фамилия руководителя, контактный телефон.";;;
"Бизнес-правила:
1. Для выполнения работ типография заключает договор с клиентом.
2. Один договор выполняет одна бригада сотрудников.
3. Стоимость работ зависит от вида продукции, вида материалов и тиража издания.
4. Различают несколько категорий клиентов.
5. Для выполнения работ используются материалы.
Минимальный набор сущностей: клиент, издание, бригада сотрудников, материал.
Минимальный набор атрибутов: фамилия клиента, контактные данные клиента, адрес клиента; наименование издания, его вид, стоимость издания; номер бригады, специализация, номер служебного телефона бригадира; название материала, её стоимость, количество на складе, название фирмы производителя. ";;;
"Бизнес-правила:
1. Договор страхования заключается между страховой компанией и клиентом сроком не более 1 года (но может быть и меньше).
2. При заключении договора указывается вид страхования, страховая сумма, дата начала действия договора.
3. Один клиент может заключить несколько договоров.
4. Один сотрудник работает с несколькими клиентами.
5. Страхование осуществляется на основе существующего вида услуг.
Минимальный набор сущностей: клиент, сотрудник, страховой продукт, договор.
Минимальный набор атрибутов: фамилия клиента, его категория, контактные данные клиента, адрес клиента, номер паспорта; фамилия сотрудника, должность сотрудника, оклад сотрудника, номер служебного телефона сотрудника; название страхового продукта (дом, квартира, комната, автомобиль и т.п.), его базовая стоимость; дата заключения договора, дата завершения, объект страхования, его оценочная стоимость.";;;
Необходимо создать базу данных для приложения, учитывающего информацию о домашней коллекции CD и DVD. Хранится информация о контенте диска (музыка, фильмы). Для музыкального произведения хранится информация об исполнителе, альбоме, название песни, жанр и год выхода альбома. Для фильма – название, режиссер, список актеров и жанр фильма. Необходимо учитывать, что песня или фильм могут встречаться более чем на одном диске.;;;
Необходимо создать базу данных для приложения, обслуживающего информационные потребности цветочного магазина. В БД должны храниться сведения о цветах, которые есть в продаже (название, класс, цена, кол-во экземпляров, срок завоза, страна происхождения). Кроме этого, необходимо создать иерархический классификатор цветов (Класс-Отряд-Семейство-Вид) для облегчения поиска необходимых растений. Каждый класс имеет название и краткое описание. БД также должна учитывать продажи цветов (дата продажи, кол-во проданных экземпляров).;;;
Для пункта проката видеопродукции необходимо создать приложение и БД для учета выдачи видео. Видео может храниться на DVD, CD или видеокассетах, причем один и тот же фильм может встречаться на разных носителях. Для каждого фильма необходимо хранить информацию о названии, жанре, режиссере и список актеров. Для каждой единицы проката необходимо хранить цену проката за сутки и сумму залога. При выдаче прокатной продукции необходимо сохранять дату выдачи и ФИО клиента. При возврате – дату возврата.;;;
При факультете ПММ организовали платные курсы для обучения школьников информатике. Для каждого курса хранится информация о продолжительности (в часах), стоимости, программа курса (список тем), а также фамилия преподавателя. Школьники могут записаться на один или несколько курсов. При регистрации школьника записывается его ФИО и школа и класс, в которой он обучается. Оплата может производиться сразу, а может – позже. При окончании курса выдается свидетельство, номер которого записывается в БД.;;;
"Для хранения данных на сайте необходимо создать базу данных. Требования к данным:
1. Необходимо хранить информацию о пользователях: псевдоним, реальные фамилию,имя, отчество, номер ICQ, телефон, e-mail. У пользователя может быть несколько e-mail, но только один из них является основным, который будет использоваться для связи. Кроме этого, у пользователя может быть один или несколько аватаров – графических файлов. Для аватара необходимо хранить имя файла и размер.
2. Каждый пользователь может создать несколько сообщений, которые тоже нужно хранить в базе данных. Для каждого сообщения хранится тема, дата создания и текст сообщения. К сообщению могут быть приложены дополнительные файлы, для них нужно хранить полное размещение, тип (документ, графика, видео), размер и описание.
3. На каждое сообщение другие пользователи могут оставлять свои сообщения. Допускаются анонимные пользователи.
4. У каждого пользователя могут быть друзья из числа других пользователей.";;;
"В ГИБДД решили автоматизировать деятельность одного из своих подразделений и создать приложение для учета автомобилей. В базе данных необходимо хранить информацию об автомобилях и их владельцах. Человек может владеть несколькими автомобилями. Необходимо хранить следующую информацию:
1. О владельце: ФИО, номер паспорта, номер водительского удостоверения, адрес
2. Об автомобиле: модель, номер кузова, номер двигателя, номер тех. паспорта, дату регистрации.
3. Необходимо хранить историю смены владельцев
4. Так же необходимо хранить информацию об угнанных и найденных автомобилях, для этого необходимо предусмотреть хранение информации о дате угона, месте угона, дате и месте нахождения.";;;
База данных хроники восхождений в альпинистском клубе. В базе данных должны записываться даты начала и завершения каждого восхождения, имена и адреса участвовавших в нем альпинистов, название и высота горы, страна и район, где эта гора расположена.;;;
База данных медицинского кооператива. Базу данных использует для работы коллектив врачей. В таблицы должны быть занесены имя, пол, дата рождения и домашний адрес каждого их пациента. Всякий раз, когда врач осматривает больного, явившегося к нему на прием, или сам приходит к нему на дом, он записывает дату и место, где проводится осмотр, симптомы, диагноз и предписания больному, проставляет имя пациента, а также свое имя. Если врач прописывает больному какое-либо лекарство, в таблицу заносится название лекарства, способ его приема, словесное описание предполагаемого действия и возможных побочных эффектов.;;;
База данных Городской Думы. В базе хранятся имена, адреса, домашние и служебные телефоны всех членов Думы. В Думе работает порядка сорока комиссий, все участники которых являются членами Думы. Каждая комиссия имеет свой профиль, например, вопросы образования, проблемы, связанные с жильем и так далее. Данные по каждой из комиссий включают: ее нынешний состав и председатель, прежние председатели и члены этой комиссии, участвовавшие в ее работе за прошедшие 10 лет, даты включения и выхода из состава комиссии, избрания ее председателей. Члены Думы могут заседать в нескольких комиссиях. В базу заносятся время и место проведения каждого заседания комиссии с указанием депутатов и служащих Думы, которые участвуют в его организации.;;;
"Фирме принадлежит небольшая флотилия рыболовных катеров. Каждый катер имеет ""паспорт"", куда занесены его название, тип, водоизмещение и дата постройки. Фирма регистрирует каждый выход на лов, записывая название катера, имена и адреса членов команды с указанием их должностей (капитан, боцман и т.д.), даты выхода и возвращения, а также вес пойманной рыбы отдельно по сортам (например, трески). За время одного рейса катер может посетить несколько банок. Фиксируется дата прихода на каждую банку и дата отплытия, качество выловленной рыбы (отличное, хорошее,
плохое). На борту улов не взвешивается. ";;;
"База данных фирмы, проводящей аукционы. Фирма занимается продажей с аукциона антикварных изделий и произведений искусства. Владельцы вещей, выставляемых на проводимых фирмой аукционах, юридически являются продавцами. Лица, приобретающие эти вещи, именуются покупателями. Получив от продавцов партию предметов, фирма решает, на котором из аукционов выгоднее представить конкретный предмет. Перед проведением очередного аукциона каждой из выставляемых на нем вещей присваивается отдельный номер лота, играющий ту же роль, что и введенный ранее шифр товара. Две вещи, продаваемые на различных аукционах, могут иметь одинаковые номера лотов.
В книгах фирмы делается запись о каждом аукционе. Там отмечаются дата, место и время его проведения, а также специфика (например, выставляются картины, написанные маслом и не ранее 1900 г.). Заносятся также сведения о каждом продаваемом предмете: аукцион, на который он заявлен, номер лота, продавец, отправная цена и краткое словесное описание. Продавцу разрешается выставлять любое количество вещей, а покупатель имеет право приобретать любое количество вещей. Одно и то же лицо или фирма может выступать и как продавец, и как покупатель.
После аукциона служащие фирмы, проводящей аукционы, записывают фактическую цену, уплаченную за проданный предмет, и фиксируют данные покупателя. ";;;
"Разработать информационную систему обслуживания библиотеки, которая содержит следующую информацию: названия книг, ФИО авторов, наименования издательств, год издания, количество страниц, количество иллюстраций, стоимость, название филиала библиотеки или книгохранилища, в которых находится книга, количество имеющихся в библиотеке экземпляров конкретной книги, количество студентов, которым выдавалась конкретная книга, названия факультетов, в
учебном процессе которых используется указанная книга.";;;
"База данных по учету успеваемости студентов. База данных должна содержать данные о контингенте студентов (фамилия, имя, отчество, год поступления, форма обучения (дневная/вечерняя/заочная), номер или название группы); об учебном плане (название специальности, дисциплина, семестр, количество отводимых на дисциплину часов, форма отчетности (экзамен/зачет)); о журнале успеваемости студентов (год/семестр, студент, дисциплина, оценка).";;;
База данных для учета аудиторного фонда университета. База данных должна содержать следующую информацию об аудиторном фонде университета. Наименование корпуса, в котором расположено помещение, номер комнаты, расположение комнаты в корпусе, ширина и длина комнаты в метрах, назначение и вид помещения, подразделение университета, за которым закреплено помещение. В базе данных также должна быть информация о высоте потолков в помещениях в зависимости от места расположения помещений в корпусе. Следует также учитывать, что структура подразделений университета имеет иерархический вид, когда одни подразделения входят в состав других (факультет, кафедра, лаборатория). ;;;
"База данных для регистрации происшествий. Необходимо создать Базу данных для регистрации происшествий. База данных должна содержать данные для регистрации сообщений о происшествиях (регистрационный номер сообщения, дата регистрации, краткая фабула (тип происшествия); информацию о принятом по происшествию решении (отказано в возбуждении дел, удовлетворено ходатайство о возбуждении уголовного дела с указанием регистрационный номера заведенного дела, отправлено по территориальному признаку); информацию о лицах, виновных или подозреваемых в совершении происшествия (регистрационный номер лица, фамилия, имя, отчество, адрес, количество судимостей), отношение конкретных лиц к конкретным происшествиям (виновник, потерпевший, подозреваемый, свидетель)";;;
База данных для обслуживания работы конференции. База данных должна содержать справочник персоналий участников конференции (фамилия, имя, отчество, ученая степень, ученое звание, научное направление, место работы, кафедра (отдел), должность, страна, город, почтовый индекс, адрес, рабочий телефон, домашний телефон, e-mail), и информацию, связанную с участием в конференции (докладчик или участник, дата рассылки 1-го приглашения, дата поступления заявки, тема доклада, отметка о поступлении тезисов, дата рассылки 2-го приглашения, дата поступления оргвзноса, размер поступившего оргвзноса, дата приезда, дата отъезда, потребность в гостинице). ;;;
"База данных должна обеспечить автоматизацию складского учета. В ней должны содержаться следующие данные:
• информация о ""единицах хранения"" - номер ордера, дата, код поставщика, балансный счет, код сопроводительного документа по справочнику документов, номер сопроводительного документа, код материала по справочнику материалов, счет материала, код единицы измерения, количество пришедшего материала, цена единицы измерения);
• информация о хранящихся на складе материалах (справочник материалов - код класса материала, код группы материала, наименование материала);
• информация о единицах измерения конкретных видов материалов - код материала, единица измерения (метры, килограммы, литры и т.д.);
• информация о поставщиках материалов - код поставщика, его наименование, ИНН, юридический адрес (индекс, город, улица, дом), адрес банка (индекс, город, улица, дом), номер банковского счета. ";;;
"Завод ""Прогресс"" поставляет товары (изделие А, изделие В, изделие С и др.) заказчикам по договорам. Для каждого товара определены планы поставок. Необходимо спроектировать базу данных ПОСТАВКА ТОВАРОВ, информация которой будет использоваться для анализа выполнения заводом планов поставок.
В БД должна храниться информация:
• о ТОВАРАХ: код товара, наименование товара, цена товара (тыс. руб.);
• ЗАКАЗАХ на поставку товаров: код заказа, наименование заказчика, адрес заказчика, телефон, номер договора, дата заключения договора, наименование товара, плановая поставка (шт.);
• фактических ОТГРУЗКАХ товаров: код отгрузки, код заказа, дата отгрузки, отгружено товара (шт.).
При проектировании БД необходимо учитывать следующее:
• товар имеет несколько заказов на поставку. Заказ соответствует одному товару;
• товару могут соответствовать несколько отгрузок. В отгрузке могут участвовать несколько товаров.
Кроме того следует учесть:
• товар не обязательно имеет заказ. Каждому заказу обязательно соответствует товар;
• товар не обязательно отгружается заказчику. Каждая отгрузка обязательно соответствует некоторому товару.";;;
"Магазин розничной торговли продает персональные компьютеры, средства связи и периферийное оборудование: принтеры, накопители CD-RW и др. Необходимо спроектировать базу данных РОЗНИЧНАЯ ТОРГОВЛЯ, информация которой будет использоваться для анализа продаж в магазине.
В БД должна храниться информация:
• о ТОВАРАХ: код товара, наименование товара, дата поступления в магазин, количество товара, цена закупки (руб.);
• ПОСТАВЩИКАХ товаров: код поставщика, наименование поставщика, адрес, телефон, к кому обращаться;
• ПРОДАЖАХ товаров в магазине: код продажи, код товара, дата продажи, количество проданного товара (шт.), цена розничная (руб.).
При проектировании БД необходимо учитывать следующее:
• поставщик поставляет несколько товаров. Товар поступает на склад магазина от нескольких поставщиков;
• товар имеет несколько продаж. Продажа относится к одному товару.
Кроме того следует учесть:
• поставщик не обязательно поставляет товар (может временно не работать). Каждый товар обязательно поставляется;
• товар не обязательно продается. Каждая продажа обязательно связана с товаром.";;;
"Клиентам банка предлагается размещать денежные средства на срочные банковские вклады различных видов (табл. 2.1).
Срочные банковские вклады
Наименование вклада	                                                 Срок хранения, мес.	Ставка, % годовых
Накопительный (в российских рублях)	      13	                                           10 %
Капитал (в долларах США)	 	                    18                                                7 %
Победа (в белорусских рублях)	 	      13                                               Ставка рефинансирования + 2 %
К отпуску (в белорусских рублях)	 	      12                                               Ставка рефинансирования – 1 %
Накопительный (в белорусских рублях)	      36	                                            18 %
Необходимо спроектировать базу данных БАНКОВСКИЕ ВКЛАДЫ, информация которой будет использоваться для анализа работы с клиентами по вкладам.
В БД должна храниться информация:
• о ВКЛАДАХ, которые предоставляет банк: код вклада; наименование вклада; срок хранения (месяцев); ставка, % годовых;
• КЛИЕНТАХ, которые помещают денежные средства на вклады: код клиента, Ф.И.О. клиента, номер паспорта, адрес, телефон;
• СЧЕТАХ клиентов банка: № счета, код клиента, код вклада, дата открытия счета, дата закрытия счета, сумма вложенная (руб.).
При проектировании БД необходимо учитывать следующее:
• клиент банка может помещать свои средства на несколько счетов. Счет открывается на одного клиента;
• каждый вид вклада связан с несколькими счетами клиентов. Счет относится к одному виду вклада.
Кроме того следует учесть:
• каждый клиент обязательно имеет счет в банке. Каждый счет обязательно принадлежит клиенту;
• вклад некоторого вида не обязательно может быть связан со счетами клиентов. Каждый счет клиента обязательно связан с некоторым видом вклада.";;;
"Сотрудники разных категорий (1-й, 2-й, 3-й) аудиторской фирмы осуществляют проверку предприятий в течение года. Работа сотрудников оплачивается за каждый час в зависимости от категории сотрудника. Необходимо спроектировать базу данных АУДИТ, информация которой будет использоваться для автоматизации начисления зарплаты сотрудникам.
В БД должна храниться информация:
• о СОТРУДНИКАХ аудиторской фирмы: код сотрудника, Ф.И.О. сотрудника, номер паспорта, дата рождения, рабочий телефон;
• КАТЕГОРИЯХ сотрудников: категория, ставка за 1 час (тыс. руб.);
• выполненной сотрудниками РАБОТЕ на предприятиях: название предприятия, код сотрудника, дата выполнения работы, количество отработанных часов.
При проектировании БД необходимо учитывать следующее:
• определенную категорию могут иметь несколько сотрудников. Сотрудник имеет квалификацию только одной категории;
• сотрудник может выполнять несколько работ по проверке на разных предприятиях. Работу по проверке предприятия могут проводить несколько сотрудников.
Кроме того следует учесть:
• каждый сотрудник обязательно имеет категорию. Определенная категория не обязательно может быть у сотрудников аудиторской фирмы;
• сотрудник не обязательно выполняет работу по проверке на предприятии. Каждая работа по проверке на предприятии обязательно выполняется сотрудниками.";;;
"На склад готовой продукции фабрики по пошиву одежды в течение года поступают производимые ею товары разных моделей. Необходимо спроектировать базу данных ФАБРИКА, информация которой будет использоваться для учета готовой продукции, хранящейся на складе.
В БД должна храниться информация:
• о видах ТОВАРА (пальто женское, костюм женский и др.): код товара, наименование товара;
• МОДЕЛЯХ одежды, выпускаемой фабрикой: код модели, наименование модели, код товара, цена модели (тыс. руб.);
• ПОСТУПЛЕНИЯХ на склад: код поступления, код модели, дата поступления модели товара, количество (шт.), кто принял товар.
При проектировании БД необходимо учитывать следующее:
• товар имеет несколько моделей. Модель связана с одним товаром;
• модель связана с несколькими поступлениями. Поступление связано с одной моделью товара.
Кроме того следует учесть:
• каждый вид товар обязательно имеет модели. Каждая модель обязательно связана с определенным товаром;
• модель обязательно связана с поступлениями на склад. Поступление обязательно связано с моделью товара.";;;
"Работники турагенства продают путевки путешествий по разным странам. В каждую страну организуются несколько маршрутов. По каждому маршруту указывается цель путешествия (отдых, экскурсия, лечение, шоп-тур, обучение и др.). Необходимо спроектировать базу данных ТУРАГЕНСТВО, информация которой позволит определять наиболее популярные маршруты за текущий год, отслеживать обращения клиентов и др.
В БД должна храниться информация:
• о СТРАНАХ: код страны, название страны, стоимость визы (руб.);
• МАРШРУТАХ: код страны, код маршрута, наименование маршрута;
• ПРОДАЖАХ: код маршрута, цель путешествия, цена путевки (руб.), количество проданных путевок по маршруту, дата продажи.
При проектировании БД необходимо учитывать следующее:
• в каждую страну организуются несколько маршрутов. Маршрут имеет отношение только к одной стране;
• маршрут участвует в нескольких продажах. Продажа связана только с одним маршрутом.
Кроме того следует учесть:
• по каждой стране обязательно организуется маршрут. Каждый маршрут обязательно имеет отношение к некоторой стране;
• маршрут не обязательно может участвовать в продаже (может быть невостребован). Каждая продажа обязательно связана с одним маршрутом.";;;
"Отделы крупного торгового дома ежедневно продают различные виды товаров и ведут учет сведений о проданных товарах. Необходимо спроектировать базу данных ТОРГОВЛЯ, информация которой будет использоваться для анализа выполнения плана реализации продукции в отделах; определения товаров, пользующихся наибольшим спросом и др.
В БД должна храниться информация:
• об ОТДЕЛАХ: код отдела, наименование отдела, Ф.И.О. заведующего отделом, телефон, объем реализации в день (руб.);
• ТОВАРАХ: артикул товара, наименование товара, единица измерения, розничная цена товара (руб.);
• ПРОДАЖАХ: артикул товара, дата продажи, количество проданного товара.
При проектировании БД необходимо учитывать следующее:
• отдел ежедневно осуществляет несколько продаж. Каждая продажа имеет отношение только к одному отделу;
• товар участвует в нескольких продажах. Каждая продажа соотносится только с одним товаром.
Кроме того следует учесть:
• каждый отдел обязательно осуществляет продажу. Каждая продажа обязательно осуществляется отделом;
• товар не обязательно может участвовать в продаже (может быть невостребован). В продаже обязательно участвует товар.";;;
"Отделение Белпочты каждое полугодие осуществляет подписку граждан (в дальнейшем получателей) на различные издания (газеты, журналы) на один, три или шесть месяцев. Необходимо спроектировать базу данных ПОДПИСНЫЕ ИЗДАНИЯ, информация которой будет использоваться для учета получателей и выписанных ими изданий.
В БД должна храниться информация:
• об ИЗДАНИЯХ, на которые можно оформить подписку: индекс издания, вид издания (газета, журнал), название издания, стоимость подписки на издание на 1 месяц (руб.);
• получателях: код получателя, Ф.И.О. получателя, адрес получателя (улица, дом, квартира);
• подписках, осуществленных получателями: код получателя, индекс издания, срок подписки (в месяцах), месяц начала доставки издания, год начала доставки издания.
При проектировании БД необходимо учитывать следующее:
• получатель может осуществить подписку несколько раз (подписаться на несколько изданий). Каждая подписка осуществляется одним получателем;
• издание может быть использовано для нескольких подписок (на издание могут подписаться несколько получателей). Каждая подписка соответствует одному изданию.
Кроме того следует учесть:
• каждый получатель обязательно осуществляет хотя бы одну подписку. Каждая подписка обязательно соответствует получателю;
• на издание не обязательно может быть подписка (оно может быть не востребовано). Подписка обязательно соответствует некоторому изданию.";;;
"Библиотека располагает фондом книг, который постоянно пополняется. Книги, находящиеся в библиотеке, изданы различными издательствами. Каждый читатель может взять на абонемент не более пяти книг на срок до 20 дней. Необходимо спроектировать базу данных БИБЛИОТЕКА, информация которой будет использоваться для получения оперативной информации о наличии книг в библиотеке, наличии книг у читателя, для контроля своевременности возврата книг и др.
В БД должна храниться информация:
• об ИЗДАТЕЛЬСТВАХ: код издательства, наименование издательства, город;
• КНИГАХ: шифр книги, название книги, первый автор, год издания, цена книги (руб.), количество экземпляров (шт.);
• ЧИТАТЕЛЯХ: код читателя, Ф.И.О. читателя, адрес, телефон;
• ВЫДАЧАХ: код читателя, шифр книги, дата выдачи, роспись.
При проектировании БД необходимо учитывать следующее:
• в фонде библиотеки могут храниться несколько книг одного и того же издательства. Книга издается только одним издательством;
• книга может быть затребована несколько раз на выдачу. Каждая выдача относится к одной книге;
• читатель может быть задействован в выдаче нескольких книг. Каждая выдача относится к одному читателю.
Кроме того следует учесть:
• каждая книга, находящаяся в фонде библиотеки, обязательно издается издательством. Издательство обязательно издает книги;
• книга не обязательно может быть затребована на выдачу. Каждая выдача обязательно связана с книгой;
• каждый читатель обязательно задействован в выдаче. В каждой выдаче обязательно задействован читатель.";;;
"Хозрасчетная поликлиника оказывает различные медицинские услуги. Прием пациентов осуществляется врачами строго по талонам. Для врача каждой специальности определен набор талонов, используемый ежедневно. На каждого пациента заводится медицинская карта. Оплата услуги осуществляется после приема и постановки диагноза. Стоимость визита к врачу зависит от категории врача (1-я, 2-я, 3-я) и цели посещения: консультация, обследование, лечение и др. Некоторым пациентам предоставляется скидка на обслуживание. Необходимо спроектировать базу данных ПОЛИКЛИНИКА, информация которой позволит хранить сведения о заболеваниях пациентов, частоте их обращения, загрузке врачей, выручке от оказания медицинских услуг и др.
В БД должна храниться информация:
• о ВРАЧАХ: Ф.И.О. врача, специальность, категория;
• ПАЦИЕНТАХ: номер медкарты, Ф.И.О. пациента, дата рождения, адрес, пол, скидка на обслуживание (%);
• ежедневном ПРИЕМЕ пациентов: номер талона на прием к врачу, дата визита, цель посещения, стоимость визита (руб.);
• ДИАГНОЗАХ: код диагноза, наименование диагноза.
При проектировании БД необходимо учитывать следующее:
• врач осуществляет по талонам ежедневно несколько приемов. Каждый прием осуществляется одним врачом;
• пациент может приходить на прием к одному врачу несколько раз. На прием по талону приходит только один пациент;
• один и тот же диагноз выставляется на приеме нескольким пациентам. На одном приеме выставляется один диагноз.
Кроме того следует учесть:
• каждый врач обязательно принимает пациентов, которые взяли талон. Каждый прием обязательно осуществляется врачом;
• каждый пациент обязательно приходит на прием по талону. На каждый прием обязательно приходит пациент;
• возможный диагноз не обязательно выставляется на приеме (его может не быть у принятых врачом пациентов). На приеме обязательно выставляется диагноз.";;;
"Работники цехов предприятия получают со скидкой спецодежду (халаты, тапочки, комбинезоны и др.) для выполнения производственных функций. Процент скидки зависит от занимаемой должности и может составлять от 30 до 50 % стоимости единицы вида спецодежды. Спецодежда имеет разный срок носки, по истечении которого она подлежит замене. Ежедневно кладовщик цеха ведет учет выдачи спецодежды. Необходимо спроектировать базу данных СПЕЦОДЕЖДА, информация которой будет использоваться для получения оперативных сведений о наличии спецодежды у работников; формирования списка работников, нуждающихся в замене спецодежды; планирования закупок спецодежды и др.
В БД должна храниться информация:
• о СПЕЦОДЕЖДЕ: код спецодежды, вид спецодежды, срок носки, стоимость единицы (руб.);
• ЦЕХАХ, работники которых пользуются различными видами спецодежды: код цеха, наименование цеха, Ф.И.О. начальника цеха;
• РАБОТНИКАХ: код работника, Ф.И.О. работника, должность, скидка на спецодежду (%);
• ПОЛУЧЕНИИ: код работника, код спецодежды, дата получения, роспись.
При проектировании БД необходимо учитывать следующее:
• в цеху работают несколько работников. Работник работает только в одном цеху;
• работник цеха участвует в получении нескольких видов спецодежды. Каждое получение имеет отношение только к одному работнику;
• один и тот же вид спецодежды поступает несколько раз для получения. Каждое получение относится к одному виду спецодежды.
Кроме того следует учесть:
• каждый работник обязательно работает в цеху. В каждом цехе обязательно работают работники;
• работники некоторых должностей не обязательно участвуют в получении спецодежды. В каждом получении обязательно участвует работник;
• каждый вид спецодежды обязательно поступает для получения. Каждое получение обязательно относится к некоторому виду спецодежду.";;;
"ГАИ города производит регистрацию автомобилей. Инспектора дорожно-патрульной службы следят за безопасностью дорожного движения. В случае нарушения правил дорожного движения к водителям применяются меры взысканий. Виды нарушений и меры взысканий определяются Кодексом об административных правонарушениях. Необходимо спроектировать базу данных ГАИ, информация которой будет использоваться для подведения статистики совершаемых водителями нарушений правил дорожного движения; выявления водителей, многократно совершающих нарушения правил дорожного движения; определения наиболее аварийных районов города, размера штрафа за совершенное нарушение и др.
В БД должна храниться информация:
• о водителях: номер водительского удостоверения, Ф.И.О., адрес, телефон;
• АВТОМОБИЛЯХ: номер автомобиля, марка, модель, цвет, год выпуска, дата регистрации в ГАИ;
• нарушениях правил дорожного движения: код нарушения, вид нарушения (превышение скорости, управление автомобилем в состоянии алкогольного опьянения и др.), штраф за нарушение (диапазон долей базовой величины. Например, штраф за превышение скорости составляет 0,5-10 базовых величин), предупреждение сделать или не сделать (Да/Нет, ""Да"" означает, что инспектор должен сделать водителю предупреждение за совершенное нарушение), срок лишения права управления автомобилем (диапазон месяцев. Например, срок за управление автомобилем в состоянии алкогольного опьянения составляет 12 – 36 месяцев);
• взысканиях с водителей-нарушителей: код нарушения, дата и время нарушения, номер водительского удостоверения, район совершения нарушения, размер штрафа (доля базовой величины, определяемая инспектором по кодексу об административных правонарушениях), оплачен штраф или не оплачен (Да/Нет), срок лишения права управления автомобилем (количество месяцев, определяемое инспектором по Кодексу об административных правонарушениях), базовая величина (на дату совершения нарушения, тыс. руб.), личный номер инспектора ДПС, установившего нарушение.
При проектировании БД необходимо учитывать следующее:
• водитель может иметь несколько автомобилей. Автомобиль принадлежит одному водителю;
• водитель может получить несколько взысканий (он может совершить несколько нарушений). Взыскание применяется к одному водителю;
• одному и тому же нарушению могут соответствовать несколько взысканий (взыскания к водителям могут применяться за один и тот же вид нарушения). Взысканию соответствует единственное нарушение.
Кроме того следует учесть:
• каждый водитель обязательно имеет автомобиль (ГАИ хранит сведения только о тех водителях, которые зарегистрировали автомобиль). Каждый автомобиль обязательно принадлежит водителю (ГАИ хранит сведения только о зарегистрированных автомобилях);
• водитель не обязательно получает взыскания (водитель может не совершить ни одного нарушения). Каждое взыскание обязательно применяется к водителю;
• нарушению не обязательно соответствует взыскание (нарушение может ни разу никем не совершаться). Каждому взысканию обязательно соответствует нарушение.";;;
"ЖЭС города производит начисления за коммунальные услуги. Тарифы, установленные на них, не меняются. Квартиросъемщики должны оплачивать коммунальные услуги до 15 числа каждого месяца. За несвоевременную оплату взимается пеня за каждый день просрочки в размере 0,1 % общей суммы, подлежащей оплате за месяц. Необходимо спроектировать базу данных ЖЭС, информация которой будет использоваться для выявления неплательщиков за коммунальные услуги, определения ежемесячной суммы оплаты квартиросъемщиками за коммунальные услуги, пени за несвоевременную оплату и др.
В БД должна храниться информация:
• о КВАРТИРОСЪЕМЩИКАХ: лицевой счет, Ф.И.О., телефон;
• КВАРТИРАХ: адрес (улица, дом, квартира), количество проживающих, площадь (м2);
• услугах: код услуги, вид услуги (отопление, горячее водоснабжение, каналы ТВ и др.), единица измерения (гКал, м3, шт. и др.), тариф (руб.);
• оплате за услугу: лицевой счет, код услуги, фактически расходовано, оплатить по дату (15.ММ.ГГ), оплачена своевременно или не своевременно (Да/Нет), дата оплаты (указывается в случае, если оплата произведена не своевременно).
При проектировании БД необходимо учитывать следующее:
• квартиросъемщик снимает одну квартиру. Квартира имеет одного квартиросъемщика;
• квартиросъемщик производит оплату за несколько услуг. Оплата за услугу производится одним квартиросъемщиком;
• одна и та же услуга может быть связана с несколькими оплатами (она оплачивается квартиросъемщиками в разные месяцы). Оплата относится к одной услуге.
Кроме того следует учесть:
• каждый квартиросъемщик обязательно снимает квартиру. Каждая квартира обязательно имеет квартиросъемщика;
• каждый квартиросъемщик обязательно производит оплату за услугу. Оплата за каждую услугу обязательно производится квартиросъемщиком;
• услуга не обязательно подлежит оплате (услуга может быть ни разу никому не оказана). Оплата за каждую услугу обязательна.";;;
"Предприятие общественного питания ""Бистро"" ежедневно занимается приготовлением различных блюд по заказам клиентов. Технология приготовления каждого блюда указана в рецепте на рис. 2.1.
Закуска ""Лобио по-грузински"" Состав: фасоль стручковая 200 г, лук зеленый 40 г, масло сливочное 30 г, зелень 10 г. Технология приготовления: ломаную очищенную фасоль, нашинкованный лук посолить, посыпать перцем и припустить в масле с небольшим количеством воды; добавить зелень и довести до готовности. Затем запечь в духовке. Выход – 210 г. Калорий – 725.
Рис. 2.1. Пример кулинарного рецепта
Ежедневно собираются сведения о приготовленных блюдах. Необходимо спроектировать базу данных ОБЩЕПИТ, информация которой будет использоваться для приготовления блюд и анализа их калорийности, составления меню, определения расходов предприятия и др.
В БД должна храниться информация:
• о блюдах, для описания которых нужны данные, входящие в их кулинарные рецепты: номер блюда, название блюда, вид блюда (закуска, суп, горячее и т.п.), выход (вес порции, г), изображение блюда;
• ежедневном приготовлении блюд: номер блюда, количество порций, дата приготовления;
• рецептах: номер блюда, время приготовления блюда (мин), технология приготовления;
• продуктах, из которых приготавливаются блюда: код продукта, название продукта, калорийность (ккал в 100 г продукта), вес продукта (г), цена (руб. за 1 кг).
При проектировании БД необходимо учитывать следующее:
• блюдо может состоять из нескольких продуктов. Продукт может входить в состав нескольких блюд;
• у блюда может быть несколько приготовлений (оно может приготавливаться в разные дни в некотором количестве порций). Приготовление соотносится с одним блюдом;
• блюдо имеет один рецепт. Рецепт соответствует одному блюду.
Кроме того следует учесть:
• каждое блюдо обязательно состоит из одного или нескольких продуктов. Каждый продукт обязательно входит в состав одного или нескольких блюд;
• блюдо не обязательно приготавливается (оно может быть не востребовано клиентами). Каждое приготовление обязательно соотносится с некоторым блюдом;
• каждое блюдо обязательно имеет рецепт. Каждый рецепт обязательно соответствует некоторому блюду.";;;
"Интернет-магазины реализуют потребителям бытовую технику (утюги, электрочайники, кухонные комбайны и др.) разных моделей известных фирм-производителей (Philips, Bosh, Mulinex и др.). Заказы осуществляются клиентами в интернет-магазинах в любое время суток. После подтверждения заказа клиентом по телефону курьер доставляет ему товар по указанному адресу. Необходимо спроектировать базу данных Интернет-продажи, информация которой будет использоваться для анализа спроса потребителей на конкретные модели товаров разных производителей, динамики реализации товаров в интернет-магазинах за определенные интервалы времени, сравнения условий доставки товаров в разных магазинах и др.
В БД должна храниться информация:
• об Интернет-магазинах: код магазина, электронный адрес, оплата доставки (Да/Нет);
• Товарах: код товара, название товара, фирма, модель, технические характеристики, цена (руб.), гарантийный срок, изображение;
• Заказах: код заказа, код магазина, код товара, дата заказа, время заказа, количество, Ф.И.О. клиента, контактный телефон, подтверждение заказа (Да/Нет);
• Доставке: код заказа, дата доставки, время доставки, адрес доставки, Ф.И.О. клиента, Ф.И.О. курьера.
При проектировании БД необходимо учитывать следующее:
• товар может продаваться в нескольких интернет-магазинах. Интернет-магазин может предлагать к продаже несколько товаров;
• товар может быть связан с несколькими заказами. Заказ связан с одним товаром;
• в интернет-магазине могут осуществляться несколько заказов. Заказ связан с одним интернет-магазином;
• заказ подлежит одной доставке. Доставка связана с одним заказом.
Кроме того следует учесть:
• каждый товар обязательно реализуется через интернет-магазины. Каждый интернет-магазин обязательно реализует товары;
• товар не обязательно может быть заказан. Каждый заказ обязательно связан с товаром;
• магазин не обязательно может иметь заказы. Каждый заказ обязательно связан с определенным интернет-магазином;
• заказ не обязательно может быть доставлен. Каждая доставка товара обязательно связана с заказом.";;;
"Банки предоставляют возможность своим клиентам осуществлять безналичные расчеты с помощью эмитируемых ими пластиковых карт и обналичивать деньги в банкоматах. Каждый банк обслуживает свои банкоматы и своих клиентов по вопросам эксплуатации эмитируемых им пластиковых карт. Если карточка клиента эмитирована банком, обслуживающим банкомат, то операция выдачи наличных денег банкоматом клиенту осуществляется бесплатно. Если же клиент некоторого банка обналичивает деньги в банкомате другого банка, то банкомат снимает комиссию (1,2 % суммы выдачи). Клиенты осуществляют операции обналичивания денег в любое время суток и в любом банкомате.
Необходимо спроектировать базу данных Банкоматы, информация которой будет использоваться для анализа операций обналичивания денег клиентами в банкоматах разных банков, частоты обслуживания банкоматами клиентов с взыманием комиссионных вознаграждений, динамики операций обналичивания денег клиентами отдельных банков в разных банкоматах за определенные интервалы времени и др.
В БД должна храниться информация:
• о Банках: код банка, название банка, юридический адрес;
• Банкоматах: номер банкомата, адрес банкомата, код банка (обслуживающего банкомат);
• Клиентах: номер карточки клиента, Ф.И.О. клиента, адрес клиента, код банка (обслуживающего клиента);
• Операциях выдачи наличных денег клиентам: номер карточки клиента, номер банкомата, дата, время, комиссия (Да/Нет), сумма выдачи (руб.)
При проектировании БД необходимо учитывать следующее:
• банк обслуживает несколько банкоматов. Банкомат обслуживается одним банком;
• банк обслуживает несколько клиентов. Клиент обслуживается одним банком;
• банкомат обслуживает несколько клиентов. Клиент обслуживается несколькими банкоматами;
• банкомат осуществляет несколько операций обналичивания денег. Операция обналичивания денег связана с одним банкоматом;
• клиент осуществляет несколько операций обналичивания денег. Операция обналичивания денег связана с одним клиентом.
Кроме того следует учесть:
• каждый банк обязательно имеет в обслуживании банкоматы. Каждый банкомат обязательно обслуживается банком;
• каждый банк обязательно имеет клиентов. Каждый клиент обязательно обслуживается банком;
• каждый банкомат обязательно обслуживает клиентов. Каждый клиент обязательно обслуживается банкоматами;
• банкомат не обязательно осуществляет постоянно операции выдачи наличных денег. Каждая операция выдачи наличных денег обязательно связана с банкоматом;
• клиент не обязательно осуществляет операции обналичивания денег. Каждая операция обналичивания денег обязательно связана с клиентом.";;;
"Сервисный центр осуществляет ремонт и гарантийное обслуживание бытовой техники фирм-производителей Philips, Brown, Bosh. Клиенты осуществляют заказы на ремонт товаров по гарантии и без нее. Сотрудники центра специализируются на ремонте и обслуживании отдельных товаров и выполняют соответствующие заказы. В день исполнения заказа сервисный центр сообщает об этом клиенту. Срок бесплатного хранения отремонтированного изделия в сервисном центре составляет один месяц. После его истечения клиент лишается права бесплатного гарантийного ремонта изделия и оплачивает затраты центра на хранение данного товара (5 % стоимости ремонта за каждый дополнительный день).
Необходимо спроектировать базу данных РЕМОНТ БЫТОВОЙ ТЕХНИКИ, информация которой будет использоваться для учета услуг по ремонту и гарантийному обслуживанию товаров, анализа сроков исполнения заказов, видов неисправностей и др.
В БД должна храниться информация:
• о товарах: код товара, наименование товара, фирма, модель, технические характеристики, гарантийный срок, изображение;
• сотрудниках: код сотрудника, Ф.И.О. сотрудника, должность;
• заказах: код заказа, Ф.И.О. клиента, код товара, гарантия (Да/Нет), дата поступления заказа, телефон клиента;
• исполнениях заказов: код заказа, вид ремонта, стоимость ремонта, дата исполнения заказа, сообщение клиенту (Да/Нет), дата получения товара, сумма оплаты услуг (руб.).
При проектировании БД необходимо учитывать следующее:
• товар может быть отремонтирован несколькими сотрудниками. Сотрудник может выполнять ремонт нескольких товаров;
• товар может быть связан с несколькими заказами. Заказ связан с одним товаром;
• заказ соотносится с одним исполнением. Исполнение связано с одним заказом;
• сотрудник осуществляет несколько исполнений заказов. Исполнение заказа связано с одним сотрудником.
Кроме того следует учесть:
• каждый товар обязательно может быть отремонтирован сотрудниками. Каждый сотрудник обязательно выполняет ремонт товаров;
• товар не обязательно может быть связан с заказами. Каждый заказ обязательно связан с товаром;
• заказ не обязательно подлежит исполнению. Исполнение обязательно связано с заказом;
• сотрудник не обязательно осуществляет исполнения заказов. Каждое исполнение заказа обязательно связано с сотрудником.";;;
"Фирма специализируется на продаже офисной мебели разных видов заказчикам – школам, техникумам, вузам, фирмам, предприятиям, организациям. Это компьютерные столы различных моделей (СК-1, СК-2 и др.), тумбы (Т-1, Т-2 и др.), шкафы (Ш-1, Ш-2 и др.). Необходимо спроектировать базу данных МЕБЕЛЬ, информация которой будет использоваться для учета продаж мебели.
В БД должна храниться информация:
• о моделях мебели: название мебели, модель, характеристики модели, стоимость модели;
• покупателях: код покупателя, название покупателя, адрес покупателя, телефон покупателя;
• договорах на продажу мебели: номер договора, код покупателя, дата оформления договора, дата исполнения договора;
• продажах: номер договора, название мебели, модель, количество (шт.).
При проектировании БД необходимо учитывать следующее:
• покупатель может заключить несколько договоров. Договор заключается одним заказчиком;
• модель может быть связана с несколькими продажами (по разным договорам). Продажа имеет отношение к одной модели;
• по договору могут быть проданы несколько моделей мебели. Каждая продажа имеет отношение к одному договору.
Кроме того следует учесть:
• каждый покупатель обязательно заключает договор. Каждый договор обязательно имеет отношение к покупателю;
• модель мебели не обязательно может быть продана (может не иметь спроса). Каждая продажа обязательно соответствует некоторой модели мебели;
• каждому договору обязательно соответствует хотя бы одна продажа. Каждая продажа обязательно соответствует некоторому договору.";;;
"Типография изготавливает полиграфическую продукцию различного рода: визитки, календари, буклеты и др. Необходимо спроектировать базу данных ТИПОГРАФИЯ, информация которой будет использоваться для учета заказов на изготовление полиграфической продукции.
В БД должна храниться информация:
• о цехах типографии: номер цеха, название цеха, начальник цеха, телефон цеха;
• продукции: код продукции, название продукции, номер цеха, стоимость единицы печатной продукции (руб.);
• договорах на изготовление полиграфической продукции: номер договора, название заказчика, адрес заказчика, дата оформления договора, дата выполнения договора;
• заказах: номер договора, код продукции, количество продукции (шт.).
При проектировании БД необходимо учитывать следующее:
• в цехе могут изготавливаться несколько видов печатной продукции. Каждый вид печатной продукции изготавливается только одним цехом;
• каждый вид печатной продукции может быть заказан несколько раз (по разным договорам). Заказ соответствует одному виду продукции;
• договору могут соответствовать несколько заказов. Заказ имеет отношение к одному договору.
Кроме того следует учесть:
• каждый цех обязательно изготавливает хотя бы один вид продукции. Каждый вид продукции обязательно изготавливается в некотором цехе;
• продукция некоторого вида не обязательно может быть заказана (может не иметь спроса). Каждый заказ обязательно соответствует продукции некоторого вида;
• каждому договору обязательно соответствует хотя бы один заказ. Каждый заказ обязательно имеет отношение к некоторому договору.";;;
"Аптечный склад РУП ""БелФармация"" осуществляет оптовую продажу лекарственных препаратов различным аптекам республики. Необходимо спроектировать базу данных АПТЕЧНЫЙ СКЛАД, информация которой будет использоваться для учета продаж аптекам лекарственных препаратов.
В БД должна храниться информация:
• о лекарствах: код лекарства, название лекарства, производитель, цена (руб.);
• аптеках: номер аптеки, название аптеки, адрес аптеки, номер телефона;
• заявках: номер заявки, дата составления заявки, номер аптеки, дата выполнения заявки;
• закупках лекарственных препаратов: номер заявки, код лекарства, количество (шт.).
При проектировании БД необходимо учитывать следующее:
• аптека может составить несколько заявок. Заявка имеет отношение к одной аптеке;
• лекарство может иметь отношение к нескольким закупкам. Закупка соответствует одному лекарству;
• заявке могут соответствовать несколько закупок. Закупка соответствует одной заявке.
Кроме того следует учесть:
• каждая аптека обязательно составляет хотя бы одну заявку. Каждая заявка обязательно имеет отношение к некоторой аптеке;
• лекарство не обязательно может входить в закупку. Каждая закупка обязательно соответствует лекарству;
• каждой заявке обязательно соответствует хотя бы одна закупка. Каждая закупка обязательно имеет отношение к заявке.";;;
"В пункте обмена валюты ежедневно производится купля-продажа валюты. При совершении сделки покупается или продается валюта. Курс купли-продажи устанавливается Национальным банком республики. Необходимо спроектировать БД ПУНКТ ОБМЕНА ВАЛЮТЫ, которая должна обеспечивать хранение, поиск, анализ данных о сделках, совершенных в пункте обмена, и др.
В БД должна храниться информация:
• о КЛИЕНТЕ: номер клиента, Ф.И.О. клиента, номер паспорта;
• СДЕЛКЕ: код проданной валюты, код купленной валюты, номер кассира, номер клиента, дата сделки, время сделки, сумма проданной валюты, сумма купленной валюты;
• ВАЛЮТЕ: код валюты, название валюты, курс продажи, курс покупки;
• КАССИРЕ: номер кассира, Ф.И.О. кассира.
При проектировании БД необходимо учитывать следующее:
• клиент может совершать несколько сделок. Сделка совершается одним клиентом;
• любая валюта покупается (продается) при нескольких сделках. Сделка связана с одной валютой.
• кассир обслуживает много сделок. Сделка совершается одним кассиром.
Кроме того следует учесть:
• каждая сделка обязательно совершается клиентом. Клиент не обязательно совершает сделку (его может не устраивать курс валюты);
• каждая сделка обязательно совершается при продаже (покупке) валюты. При совершении сделки обязательно продается или покупается валюта;
• каждая сделка обязательно обслуживается кассиром. Кассир не обязательно обслуживает сделку (например, он только что принят на работу).";;;
"Сотрудники научно-производственного предприятия ""Новые аналитические системы"" занимаются разработкой и поставкой программного обеспечения для разных организаций. Программное обеспечение позволяет управлять аналитическим оборудованием следующих типов: аналого-цифровым преобразователем (АЦП) NM с АМ1, АЦП NM без усилителя, АЦП NM с U2, АЦП NM с АМ2, АЦП NM с АМ1. При поставке программного обеспечения заключается договор с организацией. Если заключается договор на поставку программного обеспечения, которое разработал сотрудник, то он поощряется премией.
Необходимо спроектировать БД НАУЧНО-ПРОИЗВОДСТВЕННОЕ ПРЕДПРИЯТИЕ, информация которой будет использоваться для хранения данных о поставках программного обеспечения; организациях, в которые выполнены поставки; анализа деятельности сотрудников научно-производственного предприятия и др.
В БД должна храниться информация:
• о СОТРУДНИКАХ: код сотрудника, код отдела, Ф.И.О. сотрудника, должность, оклад, премия;
• ПОСТАВКАХ: номер договора, тип оборудования, комментарий пользователя о работе программного обеспечения (может отсутствовать);
• ДОГОВОРАХ: номер договора; наименование организации, с которой заключен договор; дата заключения договора; код сотрудника;
• ОРГАНИЗАЦИЯХ: код страны, город, адрес, телефон, e-mail, адрес web-сайта (может отсутствовать).
При проектировании БД необходимо учитывать следующее:
• сотрудник заключает несколько договоров с разными организациями на поставку программного обеспечения. Договор на поставку программного обеспечения заключает один сотрудник предприятия;
• поставка программного обеспечения предусматривает заключение одного договора. Договор соответствует одной поставке;
• договор заключается с одной организацией. Организация заключает один договор.
Кроме того следует учесть:
• сотрудник предприятия не обязательно заключают договор на поставку программного обеспечения (не устраивает договорная цена и др.). Каждый договор обязательно заключается сотрудником;
• каждый договор обязательно заключается при поставке программного обеспечения различным организациям. Каждая поставка обязательно предусматривает заключение договора;
• каждая поставка программного обеспечения обязательно производится организациям. Каждой организации обязательно соответствует поставка программного обеспечения.";;;
"Абонемент библиотеки производит выдачу книг читателям и прием книг в библиотеку от читателей. В библиотеке ведутся тематические каталоги. В тематическом каталоге отображается перечень тем, относящихся к одной области знаний. Необходимо спроектировать базу данных АБОНЕМЕНТ БИБЛИОТЕКИ, которая должнаобеспечивать хранение данных о выдаче и возврате книг в библиотеку; анализе данных о должниках библиотеки и книгах, популярных среди читателей, и др.
В БД должна храниться информация:
• о КНИГАХ: шифр книги, ее название, первый автор, издательство, место издания, год издания, количество страниц, цена (руб.);
• ЭКЗЕМПЛЯРАХ: шифр книги; инвентарный номер; дата выдачи; дата возврата;
• ЧИТАТЕЛЯХ: номер читательского билета, Ф.И.О. читателя, дата рождения, телефон;
• ТЕМАТИЧЕСКИХ КАТАЛОГАХ, где содержатся данные о кодах тем и наименованиях тем.
При проектировании БД необходимо учитывать следующее:
• читатель одновременно работает с несколькими экземплярами. С одним экземпляром может работать только один читатель;
• книга имеется в библиотеке в нескольких экземплярах. Экземпляр соответствует одной книге;
• книга может содержаться в нескольких тематических каталогах. В тематическом каталоге содержатся сведения о нескольких книгах.
Кроме того следует учесть:
• читатель не обязательно работает с книгой (отсутствует необходимая литература и др.). Книга не обязательно востребуется читателем;
• каждая книга обязательно имеет экземпляр. Каждый экземпляр обязательно соответствует книге;
• каждая книга обязательно содержится в тематическом каталоге. Каждый тематический каталог обязательно содержит сведения о книге.";;;
"Коммерческие фирмы (Авто, Атлант-М и др.) занимаются поставкой различных моделей автомобилей. Модель имеет свои технические характеристики и может быть отгружена нескольким клиентам. Необходимо спроектировать базу данных КОММЕРЧЕСКАЯ ФИРМА, котораядолжна обеспечивать хранение и поиск данных о наличии необходимых моделей автомобилей; сделках, совершаемых сотрудниками фирмы; выявлять модели автомобилей, пользующихся наибольшим спросом у клиентов, и др.
В БД должна храниться информация:
• о ПОСТАВЩИКАХ: код фирмы, название фирмы, телефон, e-mail, адрес web-сайта (может отсутствовать);
• МОДЕЛЯХ: код модели, наименование модели, цвет, обивка, мощность двигателя (например, 100/139 кВт), количество дверей, коробка передач (ручная или автоматическая);
• КЛИЕНТАХ: Ф.И.О. клиента, телефон, адрес, код модели;
• ПРЕЙСКУРАНТЕ ЦЕН: код модели, год выпуска, цена (у.е.), предпродажная подготовка (стоимость услуг по подготовке к продаже, у.е.), транспортные издержки (у.е.);
• ПРОДАЖАХ: номер договора, код модели, номер клиента, дата покупки.
При проектировании БД необходимо учитывать следующее:
• поставщик предлагает несколько моделей автомобилей. Модель автомобиля может быть предложена нескольким поставщикам;
• модель автомобиля соответствует одному прейскуранту цен. Прейскурант цен соответствует только одной модели;
• клиент покупает несколько моделей автомобилей. Модель покупают несколько клиентов;
• продажа совершается одному клиенту, клиент может совершить несколько покупок.
Кроме того следует учесть:
• каждый поставщик обязательно предлагает модели автомобилей. Каждая модель обязательно предлагается поставщиком;
• модель автомобиля не обязательно покупается клиентом (не понравился цвет модели и т.д.). Клиент не обязательно покупает модель (не устраивают технические характеристики автомобиля);
• каждая модель автомобиля обязательно имеет прейскурант цен. Каждый прейскурант цен обязательно соответствует модели автомобиля.";;;
"Студенты высших учебных заведений на последнем курсе сдают госэкзамены (количество варьируется в зависимости от вуза), пишут и защищают дипломную работу. При написании дипломной работы выбирают тему дипломной работы и руководителя. Необходимо спроектировать базу данных ДИПЛОМНЫЙ ПРОЕКТ, информация которой будет использоваться для хранения и поиска данных о научных темах, которые предложены студентам-дипломникам, успеваемости студентов и др.
В БД должна храниться информация:
• о СТУДЕНТАХ: номер зачетной книжки, Ф.И.О. студента, факультет, группа;
• ТЕМАХ: код преподавателя, тема дипломной работы;
• ОТМЕТКАХ: номер зачетной книжки; оценка, полученная на госэкзамене, оценка, полученная на защите дипломной работы;
• ПРЕПОДАВАТЕЛЯХ: код преподавателя, Ф.И.О. преподавателя, степень, звание, кафедра, телефон, e-mail.
При проектировании БД необходимо учитывать следующее:
• преподаватель для руководства студентами-дипломниками предлагает несколько тем дипломных работ. Тема дипломной работы может быть предложена только одним преподавателем;
• студент выбирает одну тему дипломной работы. Тема может быть выбрана только одним студентом.
• студент получает одну отметку. Отметка соответствует одному студенту.
Кроме того следует учесть:
• преподаватель не обязательно предлагает тему дипломной работы (он может не иметь научной степени или научного звания, необходимых для руководителя дипломной работы). Каждая тема обязательно предлагается преподавателем для написания дипломной работы;
• каждый студент обязательно выбирает тему для написания дипломной работы. Тема не обязательно выбирается студентом;
• каждый студент обязательно получает отметку. Каждая отметка обязательно соответствует студенту.";;;
"Издательский центр ""Печать"" заключает с писателями контракты на издание книг. В течение срока контракта писатели работают только с этим центром и могут объединяться в творческие группы для совместного написания книг. Издательскийцентр может расторгнуть или перезаключить контракт с писателем на новый срок. Центр издает написанные книги и продает их заказчикам: организациям, магазинам, библиотекам и др. За изданные книги писатели получают гонорары. Необходимо спроектировать базу данных Издательский центр, информация которой будет использоваться для определения гонораров писателям за изданные книги, исчисления срока контракта с писателями, количества написанных книг писателем за время контракта, затрат на издание книг, прибыли от продажи книг и др.
В БД должна храниться информация:
• о писателях: номер паспорта, фамилия, имя, отчество, домашний адрес, телефон;
• контрактах: номер контракта, дата заключения контракта, срок контракта (лет), контракт расторгнут или не расторгнут (Да/Нет), дата расторжения контракта;
• книгах: шифр книги, название, тираж, дата выхода из печати, себестоимость (руб.), цена продажи (руб.), гонорар (на всех авторов книги, тыс. руб.);
• заказчиках: название заказчика, адрес, телефон, обращаться к (Ф.И.О.);
• заказах: номер заказа, дата поступления заказа, дата выполнения заказа, количество экземпляров заказываемой книги.
При проектировании БД необходимо учитывать следующее:
• писателю соответствует один контракт (в случае перезаключения контракта прежний контракт заменяется новым). Контракт заключается с одним писателем;
• писатель может написать несколько книг. Книга может быть написана несколькими писателями;
• на книгу может быть сделано несколько заказов. Заказ оформляется на одну книгу;
• заказчик может сделать несколько заказов. Заказ оформляется на одного заказчика.
Кроме того следует учесть:
• каждому писателю обязательно соответствует контракт. Каждый контракт обязательно заключается с писателем;
• писатель не обязательно пишет книгу (он заключил контракт, но по какой-то причине не пишет книгу). Каждая книга обязательно пишется одним или несколькими писателями;
• на книгу не обязательно делается заказ (она может быть не востребована заказчиками). Каждый заказ обязательно оформляется на книгу;
• каждый заказчик обязательно делает заказ. Каждый заказ обязательно оформляется на заказчика.";;;
"Задание 27. Проект АВИАЛИНИИ
Авиакомпания ""Полет"" занимается авиаперевозками пассажиров. Авиакомпанией установлены маршруты полетов: Минск-Франкфурт, Минск-Рига и др. Рейсы осуществляются по установленным маршрутам согласно расписанию. За каждым самолетом закреплен командир корабля. Необходимо спроектировать базу данных Авиалинии, информация которой будет использоваться для определения доходов, приносимых рейсами, даты и времени прибытия самолета в аэропорт назначения, истечения срока эксплуатации самолета и др.
В БД должна храниться информация:
• о Маршрутах: номер маршрута, аэропорт вылета, аэропорт назначения, цена билета на маршрут (руб.), продолжительность полета (мин.);
• рейсах: номер рейса, дата и время вылета, рейс отменен или не отменен (Да/Нет);
• пассажирах: номер паспорта, Ф.И.О. пассажира, адрес, телефон;
• самолетах: бортовой номер, модель (Боинг-747, Ту-134, Ил-62 и др.), дата изготовления, срок эксплуатации (лет), готовность или не готовность к вылету (Да/Нет, ""Да"" означает, что самолет находится в исправном состоянии и готов к вылету);
• командирах корабля: личный номер, Ф.И.О. командира, адрес, телефон, налет (часов).
При проектировании БД необходимо учитывать следующее:
• по маршруту могут осуществляться несколько рейсов. Рейс осуществляется по одному маршруту;
• пассажир может купить билеты на несколько рейсов. Одним и тем же рейсом могут лететь несколько пассажиров;
• самолет может назначаться на несколько рейсов. На рейс назначается один самолет;
• у самолета один командир корабля. Командир корабля закреплен за одним самолетом.
Кроме того следует учесть:
• по каждому маршруту обязательно осуществляется один или несколько рейсов. Каждый рейс обязательно осуществляется по некоторому маршруту;
• каждый пассажир обязательно летит рейсом. Рейс не обязательно имеет пассажиров (ни один пассажир не купил билет на рейс. В этом случае рейс отменяется);
• каждый самолет обязательно назначается на рейс. Каждому рейсу обязательно назначается самолет;
• у каждого самолета обязательно есть командир корабля. Каждый командир корабля обязательно закрепляется за самолетом.";;;
"Фирмы – поставщики автомобильного топлива – ""Белнефтехим"", ""Славнефть"", ""А-100"", ""Лукойл"" имеют сеть заправочных автостанций в Республике Беларусь. На автозаправках реализуется за безналичный расчет с помощью специальных пластиковых карт автомобильное топливо всех видов – бензин-76, бензин-92, бензин-95, бензин-96, дизельное топливо, газ. Необходимо спроектировать базу данных Автозаправки, информация которой будет использоваться для анализа продаж автомобильного топлива за безналичный расчет клиентам по видам топлива в сети заправок конкретной фирмы-производителя, продаж различных видов топлива клиентам по всем заправочным станциям, спроса на автомобильное топливо в динамике за определенные промежутки времени и др.
В БД должна храниться информация:
• о Клиентах: карт-счет клиента, Ф.И.О. клиента, адрес, телефон;
• Автозаправках: код автозаправки, название фирмы, адрес автозаправки;
• Фирмах: название фирмы, юридический адрес, телефон;
• Топливе: код топлива, вид топлива, единица измерения, цена (руб.);
• ежедневной Продаже топлива клиентам: дата продажи, карт-счет клиента, код автозаправки, код топлива, количество (в натуральном выражении).
При проектировании БД необходимо учитывать следующее:
• фирма имеет несколько автозаправок. Автозаправка принадлежит только одной фирме;
• фирма предоставляет несколько видов топлива. Каждый вид топлива предоставляется несколькими фирмами;
• каждый вид топлива связан с несколькими продажами. Продажа связана с одним видом топлива;
• на автозаправке осуществляются несколько продаж. Продажа топлива связана с одной автозаправкой;
• с клиентом могут быть связаны несколько продаж. Продажа связана только с одним клиентом.
Кроме того следует учесть:
• каждая фирма обязательно имеет автозаправки. Каждая автозаправка обязательно принадлежит определенной фирме;
• каждая фирма обязательно предоставляет топливо. Каждый вид топлива обязательно поставляется фирмами;
• топливо некоторого вида не обязательно связано с продажами. Каждая продажа обязательно связана с топливом некоторого вида;
• на каждой заправке обязательно осуществляются продажи топлива. Каждая продажа обязательно связана с автозаправкой;
• с клиентом не обязательно связаны продажи топлива (клиент может не осуществлять покупки топлива). Каждая продажа топлива обязательно связана с клиентом.";;;
"ЗАО ""Витекс"" выпускает различную косметическую продукцию: кремы, шампуни, бальзамы и др. Некоторые наборы косметических средств составляют одну линию-бренд: ""Кислородная линия"", ""Красота от природы"", ""Афродита"" и др. Предприятия торговли и сервиса осуществляют заказы у ЗАО ""Витекс"" на поставку им определенных видов продукции с указанием необходимого количества и даты поставки по мере продаж и расходования предыдущих партий. ЗАО ""Витекс"" выполняет заказы каждого предприятия разовой доставкой или несколькими доставками по частям от заказанного количества в течение указанного срока исполнения заказов. Необходимо спроектировать базу данных Косметическая продукция, информация которой будет использоваться для хранения информации о номенклатуре выпускаемых косметических средств, анализа спроса на отдельные виды и линии косметических средств, учета поступления и исполнения заказов предприятий в заданные сроки и др.
В БД должна храниться информация:
• о Товарах: код товара, наименование товара, код бренда, единица измерения, цена (руб.);
• Брендах: код бренда, наименование бренда;
• Предприятиях: код предприятия, наименование предприятия, адрес, телефон;
• Заказах: код заказа, код предприятия, код товара, количество товара в заказе, дата заказа, дата к исполнению;
• Доставках: код заказа, дата фактического исполнения заказа, количество товара в доставке.
При проектировании БД необходимо учитывать следующее:
• бренд включает несколько наименований товаров. Товар может принадлежать только одному бренду;
• товар может содержаться в нескольких заказах. Заказ связан с одним видом товара;
• предприятие может осуществлять несколько заказов. Заказ связан с одним предприятием;
• заказ может быть исполнен несколькими доставками по частям от требуемого количества продукции. Доставка связана с одним заказом.
Кроме того следует учесть:
• каждый бренд обязательно включает несколько наименований товаров. Товар не обязательно принадлежит какому-либо бренду;
• товар не обязательно должен быть заказан. Каждый заказ обязательно связан с определенным товаром;
• предприятие не обязательно осуществляет заказы. Каждый заказ обязательно осуществляется некоторым предприятием;
• заказ не обязательно может быть исполнен (доставлен). Каждая доставка обязательно связана с заказом товара.";;;
"Предприятие ""Минскзеленстрой"" в весенне-летний период осуществляет выполнение заказов на цветочное оформление парков, площадей, прилегающих территорий предприятий и организаций столицы (заказчиков): Мингорисполкома, БГЭУ, МТЗ и др. Для цветочного оформления используется рассада различных цветов: агератум, гортензия, петуния и др. Предприятию ""Минскзеленстрой"" рассаду цветов поставляют селекционеры различных предприятий: ""Цветы столицы"", ""Цветочные композиции"", ""Цветники"" и др. Необходимо спроектировать базу данных МИНСКЗЕЛЕНСТРОЙ, информация которой будет использоваться для учета на предприятии поставляемой рассады цветов, расчета стоимости заказов на цветочное оформление и др.
В БД должна храниться информация:
• о поставщиках рассады цветов: код поставщика, название поставщика, адрес поставщика;
• цветах: код цветка, название цветка, код поставщика, цена рассады (руб.);
• заказчиках: код заказчика, название заказчика, адрес заказчика, телефон;
• договорах: номер договора, код заказчика, дата оформления договора, дата исполнения договора;
• заказах (о цветах, используемых для выполнения договора): номер договора, код цветка, количество рассады (шт.).
При проектировании БД необходимо учитывать следующее:
• поставщик поставляет несколько видов цветов. Цветок некоторого вида поставляется только одним поставщиком;
• заказчик может заключить несколько договоров. Каждый договор заключается одним заказчиком;
• договору могут соответствовать несколько заказов. Каждый заказ имеет отношение к одному договору;
• каждый вид цветка может участвовать в нескольких заказах. Каждый заказ имеет отношение к одному виду цветка.
Кроме того следует учесть:
• каждый поставщик обязательно поставляет рассаду хотя бы одного цветка. Каждый вид цветка обязательно поставляется одним из поставщиков;
• каждый заказчик обязательно заключает хотя бы один договор. Каждый договор обязательно имеет заказчика;
• каждому договору обязательно соответствует хотя бы один заказ. Каждый заказ обязательно соответствует некоторому договору;
• поставляемый цветок не обязательно может иметь заказ (на него нет спроса). Каждый заказ обязательно соответствует некоторому виду цветка.";;;
"Задание: Разработать логическую модель базы данных для интернет-магазина, включающую информацию о товарах, заказах, клиентах и доставке. Определить структуру таблиц:
   - Товары: артикул, название, описание, цена, количество на складе, категория, производитель.
   - Заказы: номер заказа, дата заказа, статус заказа, клиент, адрес доставки, стоимость заказа.
   - Клиенты: ФИО, контактные данные (телефон, email), адрес доставки.
   - Доставка: номер заказа, дата доставки, статус доставки, курьер, адрес доставки.";;;
"Задание: Создать логическую модель базы данных для системы управления персоналом, содержащую информацию о сотрудниках, их должностях, зарплатах и отпусках. Определить структуру таблиц:
   - Сотрудники: ФИО, дата рождения, контактные данные (телефон, email), должность.
   - Должности: название должности, описание, уровень зарплаты.
   - Зарплаты: ФИО сотрудника, должность, дата начисления зарплаты, сумма зарплаты.
   - Отпуска: ФИО сотрудника, дата начала отпуска, дата окончания отпуска, количество дней отпуска.";;;
"Разработать логическую модель базы данных для системы управления складом, включающую информацию о товарах, их наличии на складе, поставщиках и заказах на поставку. Структура таблиц:
- Товары: артикул, название, описание, единица измерения, минимальный остаток, максимальный остаток.
- Наличие на складе: артикул товара, количество на складе.
- Поставщики: название поставщика, контактные данные (телефон, email), адрес.
- Заказы на поставку: номер заказа, дата заказа, статус заказа, поставщик, товары в заказе, количество товаров, стоимость заказа.";;;
"Создать логическую модель базы данных для системы управления библиотекой, содержащую информацию о книгах, читателях, выданных книгах и сроках возврата. Структура таблиц:
- Книги: ISBN, название, автор, количество страниц, жанр.
- Читатели: ФИО, контактные данные (телефон, email), адрес.
- Выданные книги: ISBN книги, ФИО читателя, дата выдачи, дата возврата.";;;
"Разработать логическую модель базы данных для системы управления медицинской клиникой, включающую информацию о пациентах, врачах, назначениях и результатах анализов. Структура таблиц:
- Пациенты: ФИО, дата рождения, контактные данные (телефон, email), адрес.
- Врачи: ФИО, специализация, опыт работы.
- Назначения: ФИО пациента, ФИО врача, дата назначения, диагноз, рекомендации.
- Результаты анализов: ФИО пациента, дата анализа, результат анализа.";;;
"Создать логическую модель базы данных для системы управления рестораном, содержащую информацию о блюдах, заказах, клиентах и сотрудниках. Структура таблиц:
- Блюда: название, описание, цена.
- Заказы: номер заказа, дата заказа, статус заказа, клиент, блюда в заказе, количество блюд, стоимость заказа.
- Клиенты: ФИО, контактные данные (телефон, email), адрес.
- Сотрудники: ФИО, должность, контактные данные (телефон, email).";;;
"Создать логическую модель базы данных для системы управления гостиницей, включающую информацию о номерах, гостях, бронировании и услугах. Структура таблиц:
- Номера: номер комнаты, тип номера, количество мест, стоимость.
- Гости: ФИО, контактные данные (телефон, email), адрес.
- Бронирование: номер бронирования, дата бронирования, статус бронирования, гость, номер комнаты, количество дней.
- Услуги: название услуги, описание, стоимость.";;;
"Создать логическую модель базы данных для системы управления курьерской службой, включающую информацию о заказах, курьерах, маршрутах и доставке. Структура таблиц:
- Заказы: номер заказа, дата заказа, статус заказа, клиент, адрес доставки, стоимость заказа.
- Курьеры: ФИО, контактные данные (телефон, email), адрес.
- Маршруты: номер маршрута, дата маршрута, список адресов доставки.
- Доставка: номер заказа, дата доставки, статус доставки, курьер, адрес доставки.";;;
"Разработать логическую модель базы данных для системы управления автосервисом, включающую информацию о клиентах, автомобилях, ремонтных работах и запчастях. Структура таблиц:
- Клиенты: ФИО, контактные данные (телефон, email), адрес.
- Автомобили: VIN-код, марка, модель, год выпуска, пробег.
- Ремонтные работы: номер заказа, дата заказа, статус заказа, клиент, автомобиль, описание работ, стоимость работ.
- Запчасти: номер заказа, дата заказа, статус заказа, клиент, автомобиль, название запчасти, количество запчастей, стоимость запчастей.";;;
"Создать логическую модель базы данных для системы управления кинотеатром, включающую информацию о фильмах, сеансах, билетах и зрителях. Структура таблиц:
- Фильмы: название, описание, жанр, продолжительность, рейтинг.
- Сеансы: номер сеанса, дата и время сеанса, название фильма, количество мест.
- Билеты: номер билета, номер сеанса, ФИО зрителя, стоимость билета.
- Зрители: ФИО, контактные данные (телефон, email), адрес.";;;
"Проект: Создание базы данных для учета клиентов и заказов в интернет-магазине.
Предметная область: Интернет-магазин, продающий товары для дома.
Сущности: Клиент, Заказ, Товар.
Атрибуты:
- Клиент: ФИО, адрес, телефон, email.
- Заказ: Дата заказа, статус заказа, сумма заказа.
- Товар: Название, цена, количество.";;;
"Задание: Создать логическую модель базы данных для системы управления задачами.
Система управления задачами предназначена для организации и контроля выполнения задач в команде. Она позволяет создавать задачи, назначать ответственных, устанавливать сроки выполнения, отслеживать прогресс и оставлять комментарии.
Логическая модель базы данных должна включать следующие элементы:
1. Таблица ""Задачи"" с полями:
   - Идентификатор задачи (ID)
   - Название задачи
   - Описание задачи
   - Ответственный за задачу
   - Дата создания задачи
   - Дата завершения задачи
   - Статус задачи (в процессе, выполнена, отменена)
2. Таблица ""Комментарии"" с полями:
   - Идентификатор комментария (ID)
   - Идентификатор задачи (ID)
   - Автор комментария
   - Текст комментария
   - Дата создания комментария
3. Таблица ""Статусы"" с полями:
   - Идентификатор статуса (ID)
   - Название статуса
4. Таблица ""Ответственные"" с полями:
   - Идентификатор ответственного (ID)
   - Имя ответственного
   - Фамилия ответственного
5. Таблица ""Связи"" с полями:
   - Идентификатор задачи (ID)
   - Идентификатор ответственного (ID)
При создании логической модели базы данных необходимо учесть следующие требования:
1. Каждая задача должна иметь уникальное название и описание.
2. Каждая задача должна быть связана с ответственным за ее выполнение.
3. Каждая задача должна иметь дату создания и дату завершения.
4. Каждая задача может иметь несколько комментариев.
5. Каждая задача может иметь несколько ответственных.
6. Каждая задача может иметь несколько статусов.";;;
"Создайте логическую модель базы данных для системы управления складом.
Система управления складом предназначена для учета товаров на складе, контроля их движения и отслеживания запасов. Она позволяет добавлять товары на склад, проводить инвентаризацию, отслеживать перемещение товаров между складами и продавать товары.
Логическая модель базы данных должна включать следующие элементы:
1. Таблица ""Товары"" с полями:
   - Идентификатор товара (ID)
   - Название товара
   - Описание товара
   - Единица измерения товара
   - Цена товара
   - Количество товара на складе
   - Дата добавления товара на склад
2. Таблица ""Склады"" с полями:
   - Идентификатор склада (ID)
   - Название склада
   - Адрес склада
3. Таблица ""Поставщики"" с полями:
   - Идентификатор поставщика (ID)
   - Название поставщика
   - Адрес поставщика
4. Таблица ""Заказы"" с полями:
   - Идентификатор заказа (ID)
   - Дата заказа
   - Идентификатор поставщика (ID)
   - Идентификатор склада (ID)
   - Название товара
   - Количество товара
5. Таблица ""Перемещения"" с полями:
   - Идентификатор перемещения (ID)
   - Дата перемещения
   - Идентификатор склада (ID)
   - Идентификатор товара (ID)
   - Количество товара
   - Идентификатор склада назначения (ID)
При создании логической модели базы данных необходимо учесть следующие требования:
1. Каждый товар должен иметь уникальное название и описание.
2. Каждый товар должен быть связан с единицей измерения и ценой.
3. Каждый товар должен иметь информацию о количестве на складе и дате добавления на склад.
4. Каждый склад должен иметь уникальное название и адрес.
5. Каждый заказ должен быть связан с поставщиком и складом.
6. Каждый заказ должен содержать информацию о названии товара и количестве.
7. Каждый заказ должен быть связан с перемещением товара на склад.
8. Каждый перемещение должен содержать информацию о количестве товара, складе назначения и дате перемещения.";;;
"Задача: Создать логическую модель базы данных для системы управления учебным процессом.
Система управления учебным процессом предназначена для организации и контроля учебного процесса в образовательном учреждении. Она позволяет создавать учебные планы, назначать преподавателей, регистрировать студентов, отслеживать успеваемость и оставлять комментарии.
Логическая модель базы данных должна включать следующие элементы:
1. Таблица ""Учебные планы"" с полями:
   - Идентификатор учебного плана (ID)
   - Название учебного плана
   - Описание учебного плана
   - Дата создания учебного плана
   - Дата завершения учебного плана
2. Таблица ""Преподаватели"" с полями:
   - Идентификатор преподавателя (ID)
   - Имя преподавателя
   - Фамилия преподавателя
   - Должность преподавателя
3. Таблица ""Студенты"" с полями:
   - Идентификатор студента (ID)
   - Имя студента
   - Фамилия студента
   - Группа студента
4. Таблица ""Успеваемость"" с полями:
   - Идентификатор студента (ID)
   - Идентификатор учебного плана (ID)
   - Оценка студента
   - Дата оценки
5. Таблица ""Комментарии"" с полями:
   - Идентификатор комментария (ID)
   - Идентификатор студента (ID)
   - Автор комментария
   - Текст комментария
   - Дата создания комментария
При создании логической модели базы данных необходимо учесть следующие требования:
1. Каждый учебный план должен иметь уникальное название и описание.
2. Каждый учебный план должен быть связан с преподавателем.
3. Каждый студент должен быть зарегистрирован в системе и иметь уникальные имя и фамилию.
4. Каждый студент должен быть связан с учебным планом и иметь оценку по этому плану.
5. Каждый студент может иметь несколько оценок по разным учебным планам.
6. Каждый студент может иметь несколько комментариев от преподавателей.";;;
"Задача: Создать базу данных для библиотеки, содержащую информацию о книгах, читателях и выдаче книг. База данных должна содержать следующие таблицы:
1. Таблица ""Книги"" с полями: ID книги, Название книги, Автор книги, Год издания, Количество страниц.
2. Таблица ""Читатели"" с полями: ID читателя, ФИО читателя, Адрес читателя, Телефон читателя.
3. Таблица ""Выдача книг"" с полями: ID выдачи, ID книги, ID читателя, Дата выдачи, Дата возврата.";;;
"Задача: Создать базу данных для ресторана, содержащую информацию о блюдах, заказах и клиентах. База данных должна содержать следующие таблицы:
1. Таблица ""Блюда"" с полями: ID блюда, Название блюда, Описание блюда, Цена блюда.
2. Таблица ""Заказы"" с полями: ID заказа, Дата заказа, ID клиента, ID блюда, Количество блюд в заказе.
3. Таблица ""Клиенты"" с полями: ID клиента, ФИО клиента, Адрес доставки, Телефон клиента.";;;
"Задача: Создать базу данных для медицинского центра, содержащую информацию о пациентах, врачах и назначениях. База данных должна содержать следующие таблицы:
1. Таблица ""Пациенты"" с полями: ID пациента, ФИО пациента, Дата рождения, Адрес проживания, Телефон пациента.
2. Таблица ""Врачи"" с полями: ID врача, ФИО врача, Специальность врача, Опыт работы.
3. Таблица ""Назначения"" с полями: ID назначения, ID пациента, ID врача, Дата назначения, Описание назначения.";;;
"Задача: Создать базу данных для фитнес-клуба, содержащую информацию о клиентах, тренерах и занятиях. База данных должна содержать следующие таблицы:
1. Таблица ""Клиенты"" с полями: ID клиента, ФИО клиента, Дата рождения, Адрес проживания, Телефон клиента.
2. Таблица ""Тренеры"" с полями: ID тренера, ФИО тренера, Опыт работы, Специализация.
3. Таблица ""Занятия"" с полями: ID занятия, Дата занятия, ID тренера, ID клиента, Описание занятия.";;;
"Задача: Создать базу данных для туристического агентства, содержащую информацию о турах, клиентах и бронировании. База данных должна содержать следующие таблицы:
1. Таблица ""Туры"" с полями: ID тура, Название тура, Описание тура, Дата начала, Продолжительность, Стоимость.
2. Таблица ""Клиенты"" с полями: ID клиента, ФИО клиента, Адрес проживания, Телефон клиента.
3. Таблица ""Бронирование"" с полями: ID бронирования, ID тура, ID клиента, Дата бронирования, Статус бронирования.";;;
"Задача: Создать базу данных для автосервиса, содержащую информацию о автомобилях, услугах и заказах. База данных должна содержать следующие таблицы:
1. Таблица ""Автомобили"" с полями: ID автомобиля, Марка автомобиля, Модель автомобиля, Год выпуска, Пробег.
2. Таблица ""Услуги"" с полями: ID услуги, Название услуги, Описание услуги, Стоимость услуги.
3. Таблица ""Заказы"" с полями: ID заказа, Дата заказа, ID автомобиля, ID услуги, Описание заказа.";;;
"Задача: Создать базу данных для школы, содержащую информацию о учениках, учителях и оценках. База данных должна содержать следующие таблицы:
1. Таблица ""Ученики"" с полями: ID ученика, ФИО ученика, Класс, Адрес проживания, Телефон ученика.
2. Таблица ""Учителя"" с полями: ID учителя, ФИО учителя, Предмет, Опыт работы.
3. Таблица ""Оценки"" с полями: ID оценки, ID ученика, ID учителя, Предмет, Оценка.";;;
"Задача: Создать базу данных для курьерской службы, содержащую информацию о заказах, курьерах и доставке. База данных должна содержать следующие таблицы:
1. Таблица ""Заказы"" с полями: ID заказа, Дата заказа, Адрес отправителя, Адрес получателя, Описание заказа.
2. Таблица ""Курьеры"" с полями: ID курьера, ФИО курьера, Телефон курьера.
3. Таблица ""Доставка"" с полями: ID доставки, ID заказа, ID курьера, Дата доставки, Статус доставки.";;;
"Задача: Создать базу данных для спортивного клуба, содержащую информацию о тренерах, спортсменах и тренировках. База данных должна содержать следующие таблицы:
1. Таблица ""Тренеры"" с полями: ID тренера, ФИО тренера, Опыт работы, Специализация.
2. Таблица ""Спортсмены"" с полями: ID спортсмена, ФИО спортсмена, Дата рождения, Адрес проживания, Телефон спортсмена.
3. Таблица ""Тренировки"" с полями: ID тренировки, Дата тренировки, ID тренера, ID спортсмена, Описание тренировки.";;;
"Задача: Создать базу данных для гостиницы, содержащую информацию о номерах, гостях и бронировании. База данных должна содержать следующие таблицы:
1. Таблица ""Номера"" с полями: ID номера, Название номера, Категория номера, Стоимость номера.
2. Таблица ""Гости"" с полями: ID гостя, ФИО гостя, Дата рождения, Адрес проживания, Телефон гостя.
3. Таблица ""Бронирование"" с полями: ID бронирования, Дата бронирования, ID номера, ID гостя, Статус бронирования.";;;
